id,username,name,sex,address,mail,birthdate
0,rytalbnw-alhmr-bn-alharv,المهندس قاسم ثقيف,M,"283 ممتاز Light
جالاside, TX 43005",amywnyjhad@yahoo.com,1961-04-07
1,alsahlyslaf,الأستاذ نصور بكر بن وائل,M,"514 العوازم Motorway Apt. 482
Port بلندport, SC 67041",sedwnjwdp@gmail.com,1980-01-28
2,erfh30,الأستاذة أروى الزماميري,F,"71822 معتوق Expressway
نصوحchester, ND 99495",myrabnw-klb@yahoo.com,1998-01-30
3,btrwnysnan,نوف إياد,F,"60260 بنو الأحمر Tunnel Suite 468
العلميborough, IL 08166",bnw-knzhyan@gmail.com,1986-03-04
4,alklgasyxmys,حيّان قحطان,M,"1939 بثينة Common
همدانhaven, KS 27273",tyb46@gmail.com,1998-01-30
5,alrbabhykl,زيد بنو الأحمر,M,"353 فهم Overpass Suite 016
حفيظtown, WI 17647",slym78@hotmail.com,1964-11-15
6,bnw-sed-bn-bkrtlal,المهندس عبد السّميع صيداني,M,"122 كاسر Square Apt. 316
بنو يعلىside, MT 08662",mhsnxvem@hotmail.com,2001-04-29
7,ktwm68,الأستاذة آيات تنوخ,F,"3467 كبير Junction
القاعيmouth, DC 82061",xndfhlam@hotmail.com,1996-11-24
8,dalkbaby,كرمة الشرفاء,F,"75564 بكيل Village Apt. 708
West ضياء الدّينland, SD 05777",belbkysarm@gmail.com,1991-03-25
9,hylshyb,بدرالدّجى عدوان,F,"2991 عزّ الدّين Coves Apt. 496
المظفرland, UT 82714",rjabnw-ebs@hotmail.com,1988-05-19
